Apple_scab,caused_by_pathogen,Venturia_inaequalis
Apple_scab,caused_by_pathogen,Ascomycete_fungus
Black_rot_apple,caused_by_pathogen,Botryosphaeria_obtusa
Cedar_apple_rust,caused_by_pathogen,Gymnosporangium_juniperi
Cercospora_leaf_spot,caused_by_pathogen,Cercospora_zeae_maydis
Cercospora_leaf_spot,caused_by_pathogen,Fungal_pathogen
Cherry_Powdery_mildew,caused_by_pathogen,Podosphaera_clandestina
Common_rust_corn,caused_by_pathogen,Puccinia_sorghi
Early_blight_potato,caused_by_pathogen,Alternaria_solani
Early_blight_potato,caused_by_pathogen,Fungal_pathogen
Esca_black_measles,caused_by_pathogen,Phaeomoniella_chlamydospora
Grape_Black_rot,caused_by_pathogen,Guignardia_bidwellii
Grape_Black_rot,caused_by_pathogen,Fungal_pathogen
Grape_leaf_blight,caused_by_pathogen,Isariopsis_clavispora
Huanglongbing,caused_by_pathogen,Candidatus_Liberibacter
Huanglongbing,caused_by_pathogen,Phloem_limited_bacteria
Late_blight_potato,caused_by_pathogen,Phytophthora_infestans
Late_blight_potato,caused_by_pathogen,Oomycete_pathogen
Northern_leaf_blight,caused_by_pathogen,Exserohilum_turcicum
Northern_leaf_blight,caused_by_pathogen,Fungal_pathogen
Peach_bacterial_spot,caused_by_pathogen,Xanthomonas_arbicola
Peach_bacterial_spot,caused_by_pathogen,Gram_negative_bacteria
Pepper__bell___Bacterial_spot,caused_by_pathogen,Xanthomonas_campestris
Pepper__bell___Bacterial_spot,caused_by_pathogen,Gram_negative_bacteria
Pepper__bell___healthy,caused_by_pathogen,None
Pepper_bacterial_spot,caused_by_pathogen,Xanthomonas_campestris
Pepper_bacterial_spot,caused_by_pathogen,Gram_negative_bacteria
Potato___Early_blight,caused_by_pathogen,Alternaria_solani
Potato___Early_blight,caused_by_pathogen,Fungal_pathogen
Potato___healthy,caused_by_pathogen,None
Potato___Late_blight,caused_by_pathogen,Phytophthora_infestans
Potato___Late_blight,caused_by_pathogen,Oomycete_pathogen
Squash_powdery_mildew,caused_by_pathogen,Erysiphe_cichoracearum
Squash_powdery_mildew,caused_by_pathogen,Obligate_parasite
Strawberry_leaf_scorch,caused_by_pathogen,Diplocarpon_earliana
Strawberry_leaf_scorch,caused_by_pathogen,Fungal_pathogen
Tomato__Target_Spot,caused_by_pathogen,Corynespora_cassiicola
Tomato__Target_Spot,caused_by_pathogen,Fungal_pathogen
Tomato__Tomato_mosaic_virus,caused_by_pathogen,Tobamovirus
Tomato__Tomato_mosaic_virus,caused_by_pathogen,Positive_strand_RNA_virus
Tomato__Tomato_YellowLeaf__Curl_Virus,caused_by_pathogen,Begomovirus
Tomato__Tomato_YellowLeaf__Curl_Virus,caused_by_pathogen,Single_stranded_DNA_virus
Tomato_bacterial_spot,caused_by_pathogen,Xanthomonas_vesicatoria
Tomato_Bacterial_spot,caused_by_pathogen,Xanthomonas_vesicatoria
Tomato_Bacterial_spot,caused_by_pathogen,Gram_negative_bacteria
Tomato_early_blight,caused_by_pathogen,Alternaria_solani
Tomato_early_blight,caused_by_pathogen,Fungal_pathogen
Tomato_Early_blight,caused_by_pathogen,Alternaria_solani
Tomato_Early_blight,caused_by_pathogen,Fungal_pathogen
Tomato_healthy,caused_by_pathogen,None
Tomato_late_blight,caused_by_pathogen,Phytophthora_infestans
Tomato_late_blight,caused_by_pathogen,Oomycete_pathogen
Tomato_Late_blight,caused_by_pathogen,Phytophthora_infestans
Tomato_Late_blight,caused_by_pathogen,Oomycete_pathogen
Tomato_leaf_mold,caused_by_pathogen,Passalora_fulva
Tomato_leaf_mold,caused_by_pathogen,Fungal_pathogen
Tomato_Leaf_Mold,caused_by_pathogen,Passalora_fulva
Tomato_Leaf_Mold,caused_by_pathogen,Fungal_pathogen
Tomato_mosaic_virus,caused_by_pathogen,Tobamovirus
Tomato_mosaic_virus,caused_by_pathogen,Positive_strand_RNA_virus
Tomato_septoria_leaf_spot,caused_by_pathogen,Septoria_lycopersici
Tomato_septoria_leaf_spot,caused_by_pathogen,Fungal_pathogen
Tomato_Septoria_leaf_spot,caused_by_pathogen,Septoria_lycopersici
Tomato_Septoria_leaf_spot,caused_by_pathogen,Fungal_pathogen
Tomato_spider_mites,caused_by_pathogen,Tetranychus_urticae
Tomato_spider_mites,caused_by_pathogen,Arthropod_pest
Tomato_Spider_mites_Two_spotted_spider_mite,caused_by_pathogen,Tetranychus_urticae
Tomato_Spider_mites_Two_spotted_spider_mite,caused_by_pathogen,Arthropod_pest
Tomato_target_spot,caused_by_pathogen,Corynespora_cassiicola
Tomato_target_spot,caused_by_pathogen,Fungal_pathogen
Tomato_yellow_leaf_curl_virus,caused_by_pathogen,Begomovirus
Tomato_yellow_leaf_curl_virus,caused_by_pathogen,Single_stranded_DNA_virus
Acaricide_spray,effective_in_season,Summer
Acidic_soil_maintenance,effective_in_season,Pre_sowing
Air_circulation,effective_in_season,All_seasons
Aphid_control,effective_in_season,Spring
Aphid_control,effective_in_season,Summer
Aphid_management,effective_in_season,Spring
Azoxystrobin_application,effective_in_season,Summer
Azoxystrobin_spray,effective_in_season,Summer
Balanced_fertilization,effective_in_season,Spring
Balanced_fertilization,effective_in_season,All_seasons
Balanced_nitrogen,effective_in_season,Monsoon
Barrier_netting,effective_in_season,Summer
Barrier_netting,effective_in_season,Spring
Biological_control,effective_in_season,Summer
Bordeaux_mixture,effective_in_season,Monsoon
Bordeaux_spray,effective_in_season,Spring
Bordeaux_spray,effective_in_season,Monsoon
Branch_pruning,effective_in_season,Winter
Branch_pruning,effective_in_season,Late_summer
Calcium_spray,effective_in_season,Summer
Canopy_management,effective_in_season,Spring
Canopy_management,effective_in_season,Summer
Canopy_opening,effective_in_season,Spring
Canopy_opening,effective_in_season,Early_summer
Canopy_pruning,effective_in_season,Winter
Canopy_thinning,effective_in_season,Spring
Captan_spray,effective_in_season,Spring
Captan_spray,effective_in_season,Summer
Cedar_removal,effective_in_season,Winter
Certified_seed,effective_in_season,Pre_sowing
Certified_seed_use,effective_in_season,Pre_sowing
Certified_transplants,effective_in_season,Spring
Chlorothalonil_application,effective_in_season,Late_winter
Chlorothalonil_fungicide,effective_in_season,Summer
Chlorothalonil_spray,effective_in_season,Spring
Chlorothalonil_spray,effective_in_season,Summer
Compost_mulch,effective_in_season,Summer
Compost_mulch,effective_in_season,Autumn
Copper_bactericide,effective_in_season,Winter
Copper_bactericide,effective_in_season,Early_spring
Copper_based_spray,effective_in_season,Monsoon
Copper_based_spray,effective_in_season,Spring
Copper_fungicide,effective_in_season,Winter
Copper_fungicide,effective_in_season,Spring
Copper_fungicide,effective_in_season,Monsoon
Copper_oxychloride,effective_in_season,Monsoon
Copper_spray,effective_in_season,Spring
Copper_spray,effective_in_season,Summer
Crop_debris_removal,effective_in_season,Autumn
Crop_monitoring,effective_in_season,All_seasons
Crop_residue_removal,effective_in_season,Winter
Crop_rotation,effective_in_season,All_seasons
Crop_rotation,effective_in_season,Post_harvest
Debris_management,effective_in_season,Autumn
Dehumidifier_installation,effective_in_season,Winter
Dormant_fungicide,effective_in_season,Winter
Drip_irrigation,effective_in_season,Summer
Drip_irrigation,effective_in_season,All_seasons
Early_fungicide_spray,effective_in_season,Spring
Early_harvest,effective_in_season,Summer
Early_leaf_removal,effective_in_season,Monsoon
Early_planting,effective_in_season,Spring
Early_variety_selection,effective_in_season,Pre_sowing
Equipment_sanitation,effective_in_season,All_seasons
Even_plant_spacing,effective_in_season,Spring
Fallen_leaf_removal,effective_in_season,Autumn
Field_border_cropping,effective_in_season,Spring
Field_drainage,effective_in_season,All_seasons
Field_drainage,effective_in_season,Monsoon
Field_sanitation,effective_in_season,Winter
Forecast_based_spraying,effective_in_season,Monsoon
Fruit_thinning,effective_in_season,Summer
Fungicide_application,effective_in_season,Spring
Fungicide_application,effective_in_season,Monsoon
Fungicide_application,effective_in_season,Autumn
Fungicide_rotation,effective_in_season,Spring
Fungicide_rotation,effective_in_season,Early_summer
Fungicide_spray,effective_in_season,Spring
Fungicide_spray,effective_in_season,Summer
Glove_change_protocol,effective_in_season,All_seasons
Habitat_manipulation,effective_in_season,Pre_sowing
Heating_system_use,effective_in_season,Winter
Hill_up_practice,effective_in_season,Summer
Hot_water_seed_treatment,effective_in_season,Pre_sowing
Humidity_control,effective_in_season,All_seasons
Humidity_control,effective_in_season,Winter
Hybrid_resistance,effective_in_season,Pre_sowing
Infected_plant_removal,effective_in_season,All_seasons
Infected_wood_removal,effective_in_season,Winter
Insecticidal_soap,effective_in_season,Summer
Irrigation_management,effective_in_season,Summer
Leaf_litter_removal,effective_in_season,Winter
Leaf_litter_removal,effective_in_season,Autumn
Leaf_removal,effective_in_season,Summer
Mancozeb_application,effective_in_season,Monsoon
Mancozeb_spray,effective_in_season,Summer
Mancozeb_spray,effective_in_season,Monsoon
Metalaxyl_spray,effective_in_season,Monsoon
Moderate_irrigation,effective_in_season,Summer
Monitoring_program,effective_in_season,All_seasons
Mulch_removal,effective_in_season,Autumn
Mulching,effective_in_season,Summer
Mummy_removal,effective_in_season,Winter
Neem_oil,effective_in_season,All_seasons
Neem_oil,effective_in_season,Summer
Nitrogen_management,effective_in_season,Spring
No_till_reduction,effective_in_season,All_seasons
Nutrient_balancing,effective_in_season,All_seasons
Nutrient_management,effective_in_season,All_seasons
Organic_mulch,effective_in_season,Summer
Overhead_irrigation_avoidance,effective_in_season,All_seasons
Phosphonate_spray,effective_in_season,Monsoon
Plant_removal,effective_in_season,All_seasons
Plant_spacing,effective_in_season,Monsoon
Potassium_bicarbonate,effective_in_season,Spring
Potassium_fertilization,effective_in_season,Summer
Pre_harvest_fungicide,effective_in_season,Summer
Predatory_mites,effective_in_season,Summer
Preventive_fungicide,effective_in_season,Spring
Preventive_fungicide,effective_in_season,Monsoon
Proper_spacing,effective_in_season,Spring
Protective_fungicide,effective_in_season,Monsoon
Protective_spray,effective_in_season,Summer
Pruning_wound_protection,effective_in_season,Winter
Quarantine_protocol,effective_in_season,Spring
Reflective_mulch,effective_in_season,Spring
Reflective_mulch,effective_in_season,Summer
Regular_inspection,effective_in_season,All_seasons
Residue_management,effective_in_season,Post_harvest
Residue_management,effective_in_season,Winter
Resistant_hybrids,effective_in_season,Pre_sowing
Resistant_varieties,effective_in_season,All_seasons
Rogue_infected_plants,effective_in_season,All_seasons
Row_orientation_adjustment,effective_in_season,Pre_sowing
Sanitation,effective_in_season,All_seasons
Sanitation_practices,effective_in_season,All_seasons
Seed_fungicide,effective_in_season,Pre_sowing
Seed_treatment,effective_in_season,Pre_sowing
Silicon_application,effective_in_season,Summer
Soil_amendment,effective_in_season,Pre_sowing
Soil_health_management,effective_in_season,Pre_sowing
Spacing_improvement,effective_in_season,Spring
Stake_and_prune,effective_in_season,Summer
Streptomycin_spray,effective_in_season,Spring
Stress_reduction,effective_in_season,All_seasons
Sulfur_application,effective_in_season,Spring
Sulfur_dusting,effective_in_season,Summer
Sulfur_spray,effective_in_season,Spring
Sulfur_spray,effective_in_season,Summer
Systemic_fungicide,effective_in_season,Monsoon
Timely_sowing,effective_in_season,Spring
Trap_cropping,effective_in_season,Summer
Triazole_fungicide,effective_in_season,Summer
Triazole_fungicide,effective_in_season,Monsoon
Tricyclazole_spray,effective_in_season,Monsoon
UV_disinfection,effective_in_season,Pre_sowing
Validamycin_spray,effective_in_season,Monsoon
Vector_monitoring,effective_in_season,Summer
Ventilation_improvement,effective_in_season,Winter
Vine_replacement,effective_in_season,Winter
Virus_free_seed,effective_in_season,Pre_sowing
Water_management,effective_in_season,Monsoon
Water_spray_wash,effective_in_season,Summer
Weed_control,effective_in_season,Spring
Windbreak_installation,effective_in_season,Pre_sowing
Worker_training,effective_in_season,Pre_sowing
Anthracnose_pepper,exhibits_symptom,Sunken_fruit_lesions
Anthracnose_pepper,exhibits_symptom,Fruit_rot
Anthracnose_pepper,exhibits_symptom,Seed_discoloration
Anthracnose_pepper,exhibits_symptom,Post_harvest_loss
Apple_scab,exhibits_symptom,Leaf_spots
Apple_scab,exhibits_symptom,Fruit_lesions
Apple_scab,exhibits_symptom,Velvety_leaf_lesions
Apple_scab,exhibits_symptom,Cracked_fruit_skin
Apple_scab,exhibits_symptom,Reduced_fruit_quality
Apple_scab,exhibits_symptom,Premature_fruit_drop
Apple_scab,exhibits_symptom,Olive_green_lesions
Apple_scab,exhibits_symptom,Leaf_curling
Apple_scab,exhibits_symptom,Bark_blistering
Bacterial_leaf_blight_rice,exhibits_symptom,Water_soaked_streaks
Bacterial_leaf_blight_rice,exhibits_symptom,Leaf_yellowing
Bacterial_leaf_blight_rice,exhibits_symptom,Kresek_symptom
Bacterial_leaf_blight_rice,exhibits_symptom,Yield_reduction
Bacterial_pustule_soybean,exhibits_symptom,Raised_pustules
Bacterial_pustule_soybean,exhibits_symptom,Leaf_yellowing
Bacterial_pustule_soybean,exhibits_symptom,Premature_maturity
Bacterial_pustule_soybean,exhibits_symptom,Reduced_pod_set
Black_rot_apple,exhibits_symptom,Fruit_shriveling
Black_rot_apple,exhibits_symptom,Cankers_on_branches
Black_rot_apple,exhibits_symptom,Leaf_blight
Black_rot_apple,exhibits_symptom,Fruit_shrinkage
Black_rot_apple,exhibits_symptom,Branch_dieback
Black_rot_apple,exhibits_symptom,Fruit_mummification
Black_rot_apple,exhibits_symptom,Concentric_ring_spots
Black_rot_apple,exhibits_symptom,Bark_cankers
Black_rot_apple,exhibits_symptom,Shoot_blight
Blackleg_potato,exhibits_symptom,Black_stem_rot
Blackleg_potato,exhibits_symptom,Wilting
Blackleg_potato,exhibits_symptom,Soft_tuber_rot
Blackleg_potato,exhibits_symptom,Foul_odor
Brown_rot_cherry,exhibits_symptom,Fruit_rot
Brown_rot_cherry,exhibits_symptom,Blossom_blight
Brown_rot_cherry,exhibits_symptom,Twig_cankers
Brown_rot_cherry,exhibits_symptom,Gummosis
Brown_rot_peach,exhibits_symptom,Fruit_decay
Brown_rot_peach,exhibits_symptom,Blossom_wilt
Brown_rot_peach,exhibits_symptom,Twig_blight
Brown_rot_peach,exhibits_symptom,Fruit_mummification
Brown_spot_rice,exhibits_symptom,Brown_spots
Brown_spot_rice,exhibits_symptom,Seedling_blight
Brown_spot_rice,exhibits_symptom,Grain_spotting
Brown_spot_rice,exhibits_symptom,Poor_germination
Canopy_thinning,exhibits_symptom,Increased_sunburn
Cedar_apple_rust,exhibits_symptom,Orange_leaf_spots
Cedar_apple_rust,exhibits_symptom,Fruit_deformation
Cedar_apple_rust,exhibits_symptom,Gall_formation
Cedar_apple_rust,exhibits_symptom,Premature_defoliation
Cercospora_leaf_spot,exhibits_symptom,Rectangular_lesions
Cercospora_leaf_spot,exhibits_symptom,Leaf_tissue_collapse
Cercospora_leaf_spot,exhibits_symptom,Leaf_chlorosis
Cercospora_leaf_spot,exhibits_symptom,Premature_defoliation
Cercospora_leaf_spot,exhibits_symptom,Dark_brown_spots
Cercospora_leaf_spot,exhibits_symptom,Yield_reduction
Cherry_leaf_spot,exhibits_symptom,Purple_leaf_spots
Cherry_leaf_spot,exhibits_symptom,Early_defoliation
Cherry_leaf_spot,exhibits_symptom,Weakened_trees
Cherry_leaf_spot,exhibits_symptom,Reduced_winter_hardiness
Cherry_Powdery_mildew,exhibits_symptom,White_powdery_growth
Cherry_Powdery_mildew,exhibits_symptom,Leaf_curling
Cherry_Powdery_mildew,exhibits_symptom,Reduced_photosynthesis
Cherry_Powdery_mildew,exhibits_symptom,Premature_leaf_senescence
Cherry_Powdery_mildew,exhibits_symptom,Reduced_fruit_set
Cherry_Powdery_mildew,exhibits_symptom,White_fungal_growth
Cherry_Powdery_mildew,exhibits_symptom,Fruit_russeting
Cherry_Powdery_mildew,exhibits_symptom,Leaf_puckering
Common_rust_corn,exhibits_symptom,Reddish_brown_pustules
Common_rust_corn,exhibits_symptom,Yellow_leaf_halos
Common_rust_corn,exhibits_symptom,Reduced_kernel_fill
Common_rust_corn,exhibits_symptom,Leaf_yellowing
Common_rust_corn,exhibits_symptom,Pustule_formation
Common_rust_corn,exhibits_symptom,Reduced_grain_fill
Common_rust_corn,exhibits_symptom,Leaf_tissue_death
Common_scab_potato,exhibits_symptom,Corky_lesions
Common_scab_potato,exhibits_symptom,Reduced_marketability
Common_scab_potato,exhibits_symptom,Shallow_pits
Common_scab_potato,exhibits_symptom,Tuber_disfigurement
Complete_defoliation,exhibits_symptom,Total_yield_loss
Consistent_fruit_size,exhibits_symptom,Uniform_marketing
Deep_green_foliage,exhibits_symptom,Healthy_chlorophyll
Delayed_flowering,exhibits_symptom,Extended_crop_cycle
Delayed_ripening,exhibits_symptom,Harvest_delay
Downy_mildew_grape,exhibits_symptom,Oil_spot_appearance
Downy_mildew_grape,exhibits_symptom,White_downy_growth
Downy_mildew_grape,exhibits_symptom,Berry_shriveling
Downy_mildew_grape,exhibits_symptom,Crop_loss
Early_blight_potato,exhibits_symptom,Concentric_leaf_spots
Early_blight_potato,exhibits_symptom,Premature_leaf_drop
Early_blight_potato,exhibits_symptom,Stem_lesions
Early_blight_potato,exhibits_symptom,Reduced_tuber_size
Early_blight_potato,exhibits_symptom,Vigour_loss
Early_blight_potato,exhibits_symptom,Target_spot_lesions
Early_blight_potato,exhibits_symptom,Tuber_rot
Empty_flowers,exhibits_symptom,No_pollination_success
Esca_black_measles,exhibits_symptom,Interveinal_leaf_chlorosis
Esca_black_measles,exhibits_symptom,Tiger_stripe_pattern
Esca_black_measles,exhibits_symptom,Wood_discoloration
Esca_black_measles,exhibits_symptom,Delayed_bud_break
Esca_black_measles,exhibits_symptom,Tiger_stripe_leaves
Esca_black_measles,exhibits_symptom,Berry_spotting
Esca_black_measles,exhibits_symptom,Sudden_vine_death
Fire_blight_apple,exhibits_symptom,Shoot_wilting
Fire_blight_apple,exhibits_symptom,Blackened_blossoms
Fire_blight_apple,exhibits_symptom,Bacterial_ooze
Fire_blight_apple,exhibits_symptom,Shepherd_crook_appearance
Fire_blight_apple,exhibits_symptom,Canker_formation
Flower_abortion,exhibits_symptom,Low_fruit_set
Frogeye_leaf_spot_soybean,exhibits_symptom,Circular_lesions
Frogeye_leaf_spot_soybean,exhibits_symptom,Gray_centers
Frogeye_leaf_spot_soybean,exhibits_symptom,Defoliation
Frogeye_leaf_spot_soybean,exhibits_symptom,Seed_infection
Fruit_blemishes,exhibits_symptom,Cosmetic_damage
Grape_Black_rot,exhibits_symptom,Black_fruit_mummies
Grape_Black_rot,exhibits_symptom,Fruit_hardening
Grape_Black_rot,exhibits_symptom,Leaf_margin_browning
Grape_Black_rot,exhibits_symptom,Reduced_sugar_content
Grape_Black_rot,exhibits_symptom,Berry_mummification
Grape_Black_rot,exhibits_symptom,Leaf_lesions
Grape_Black_rot,exhibits_symptom,Shoot_lesions
Grape_leaf_blight,exhibits_symptom,Angular_leaf_spots
Grape_leaf_blight,exhibits_symptom,Leaf_edge_necrosis
Grape_leaf_blight,exhibits_symptom,Premature_defoliation
Grape_leaf_blight,exhibits_symptom,Leaf_drop
Grape_leaf_blight,exhibits_symptom,Brown_leaf_spots
Grape_leaf_blight,exhibits_symptom,Defoliation
Grape_leaf_blight,exhibits_symptom,Reduced_vigor
Gray_leaf_spot_corn,exhibits_symptom,Rectangular_gray_lesions
Gray_leaf_spot_corn,exhibits_symptom,Vein_limitation
Gray_leaf_spot_corn,exhibits_symptom,Reduced_photosynthesis
Gray_leaf_spot_corn,exhibits_symptom,Yield_loss
Green_fruit_rot,exhibits_symptom,Unmarketable_harvest
Internal_fruit_browning,exhibits_symptom,Hidden_damage
Late_blight_potato,exhibits_symptom,Rapid_leaf_necrosis
Late_blight_potato,exhibits_symptom,Tuber_rot
Late_blight_potato,exhibits_symptom,White_fungal_growth
Late_blight_potato,exhibits_symptom,Stem_collapse
Late_blight_potato,exhibits_symptom,Foul_tuber_rot
Late_blight_potato,exhibits_symptom,Water_soaked_lesions
Late_blight_potato,exhibits_symptom,Rapid_defoliation
Leaf_chlorosis,exhibits_symptom,Yellowing_due_to_pathogen
Lower_canopy_loss,exhibits_symptom,Reduced_yield
Normal_fruit_development,exhibits_symptom,Uniform_color
Northern_leaf_blight,exhibits_symptom,Cigar_shaped_lesions
Northern_leaf_blight,exhibits_symptom,Large_gray_lesions
Northern_leaf_blight,exhibits_symptom,Leaf_drying
Northern_leaf_blight,exhibits_symptom,Photosynthetic_loss
Northern_leaf_blight,exhibits_symptom,Elliptical_lesions
Northern_leaf_blight,exhibits_symptom,Gray_green_lesions
Northern_leaf_blight,exhibits_symptom,Stalk_lodging
Peach_bacterial_spot,exhibits_symptom,Shot_hole_leaves
Peach_bacterial_spot,exhibits_symptom,Fruit_pitting
Peach_bacterial_spot,exhibits_symptom,Leaf_yellowing
Peach_bacterial_spot,exhibits_symptom,Fruit_cracking
Peach_bacterial_spot,exhibits_symptom,Leaf_spots
Peach_bacterial_spot,exhibits_symptom,Defoliation
Peach_bacterial_spot,exhibits_symptom,Twig_cankers
Peach_leaf_curl,exhibits_symptom,Leaf_distortion
Peach_leaf_curl,exhibits_symptom,Reddish_blisters
Peach_leaf_curl,exhibits_symptom,Premature_leaf_drop
Peach_leaf_curl,exhibits_symptom,Shoot_deformation
Pepper__bell___Bacterial_spot,exhibits_symptom,Dark_leaf_spots
Pepper__bell___Bacterial_spot,exhibits_symptom,Fruit_scabs
Pepper__bell___Bacterial_spot,exhibits_symptom,Stem_lesions
Pepper__bell___Bacterial_spot,exhibits_symptom,Leaf_drop
Pepper__bell___Bacterial_spot,exhibits_symptom,Yield_reduction
Pepper__bell___Bacterial_spot,exhibits_symptom,Water_soaked_spots
Pepper__bell___Bacterial_spot,exhibits_symptom,Blistered_fruit
Pepper__bell___Bacterial_spot,exhibits_symptom,Necrotic_centers
Pepper__bell___Bacterial_spot,exhibits_symptom,Defoliation
Pepper__bell___Bacterial_spot,exhibits_symptom,Reduced_marketability
Pepper__bell___Bacterial_spot,exhibits_symptom,Photosynthetic_loss
Pepper__bell___Bacterial_spot,exhibits_symptom,Stunted_growth
Pepper__bell___Bacterial_spot,exhibits_symptom,Leaf_chlorosis
Pepper__bell___Bacterial_spot,exhibits_symptom,Delayed_flowering
Pepper__bell___healthy,exhibits_symptom,No_symptoms
Pepper__bell___healthy,exhibits_symptom,Normal_fruit_development
Pepper__bell___healthy,exhibits_symptom,Vigorous_growth
Pepper__bell___healthy,exhibits_symptom,No_leaf_discoloration
Pepper__bell___healthy,exhibits_symptom,High_fruit_set
Pepper_bacterial_spot,exhibits_symptom,Dark_leaf_spots
Pepper_bacterial_spot,exhibits_symptom,Fruit_scabs
Pepper_bacterial_spot,exhibits_symptom,Leaf_drop
Pepper_bacterial_spot,exhibits_symptom,Stem_lesions
Pepper_bacterial_spot,exhibits_symptom,Leaf_spots
Pepper_bacterial_spot,exhibits_symptom,Fruit_lesions
Pepper_bacterial_spot,exhibits_symptom,Yield_reduction
Pepper_mosaic_virus,exhibits_symptom,Mosaic_pattern
Pepper_mosaic_virus,exhibits_symptom,Stunted_growth
Pepper_mosaic_virus,exhibits_symptom,Fruit_distortion
Pepper_mosaic_virus,exhibits_symptom,Reduced_yield
Photosynthetic_loss,exhibits_symptom,Energy_deficit
Plant_desiccation,exhibits_symptom,Total_crop_failure
Post_harvest_rot,exhibits_symptom,Storage_loss
Potato___Early_blight,exhibits_symptom,Concentric_leaf_spots
Potato___Early_blight,exhibits_symptom,Target_like_lesions
Potato___Early_blight,exhibits_symptom,Stem_lesions
Potato___Early_blight,exhibits_symptom,Premature_leaf_drop
Potato___Early_blight,exhibits_symptom,Reduced_tuber_size
Potato___Early_blight,exhibits_symptom,Photosynthetic_loss
Potato___Early_blight,exhibits_symptom,Tuber_surface_roughness
Potato___Early_blight,exhibits_symptom,Leaf_margin_necrosis
Potato___healthy,exhibits_symptom,No_symptoms
Potato___healthy,exhibits_symptom,Smooth_tuber_skin
Potato___healthy,exhibits_symptom,Uniform_emergence
Potato___healthy,exhibits_symptom,Robust_root_system
Potato___Late_blight,exhibits_symptom,Rapid_leaf_necrosis
Potato___Late_blight,exhibits_symptom,Tuber_rot
Potato___Late_blight,exhibits_symptom,White_fungal_growth
Potato___Late_blight,exhibits_symptom,Stem_collapse
Potato___Late_blight,exhibits_symptom,Foul_tuber_rot
Potato___Late_blight,exhibits_symptom,Complete_defoliation
Potato___Late_blight,exhibits_symptom,Secondary_infections
Potato___Late_blight,exhibits_symptom,Stem_blackening
Potato_virus_Y,exhibits_symptom,Mosaic_symptoms
Potato_virus_Y,exhibits_symptom,Leaf_necrosis
Potato_virus_Y,exhibits_symptom,Tuber_necrosis
Potato_virus_Y,exhibits_symptom,Yield_loss
Powdery_mildew_apple,exhibits_symptom,White_powder_coating
Powdery_mildew_apple,exhibits_symptom,Stunted_growth
Powdery_mildew_apple,exhibits_symptom,Leaf_distortion
Powdery_mildew_apple,exhibits_symptom,Reduced_photosynthesis
Powdery_mildew_grape,exhibits_symptom,White_powdery_coating
Powdery_mildew_grape,exhibits_symptom,Berry_cracking
Powdery_mildew_grape,exhibits_symptom,Uneven_ripening
Powdery_mildew_grape,exhibits_symptom,Off_flavor
Progressive_upper_leaf_involvement,exhibits_symptom,Full_plant_infection
Rapid_field_epidemic,exhibits_symptom,Regional_outbreak
Reduced_marketability,exhibits_symptom,Economic_loss
Reduced_transpiration,exhibits_symptom,Heat_buildup
Rice_blast,exhibits_symptom,Diamond_shaped_lesions
Rice_blast,exhibits_symptom,Neck_rot
Rice_blast,exhibits_symptom,Panicle_infection
Rice_blast,exhibits_symptom,Grain_discoloration
Root_growth_suppression,exhibits_symptom,Poor_nutrient_uptake
Secondary_infections,exhibits_symptom,Opportunistic_pathogens
Seed_contamination,exhibits_symptom,Long_term_risk
Seed_transmission_risk,exhibits_symptom,Next_generation_infection
Seed_viability_loss,exhibits_symptom,Propagation_failure
Sheath_blight_rice,exhibits_symptom,Oval_lesions
Sheath_blight_rice,exhibits_symptom,Sheath_rot
Sheath_blight_rice,exhibits_symptom,Lodging
Sheath_blight_rice,exhibits_symptom,Unfilled_grains
Smooth_tuber_skin,exhibits_symptom,Market_grade_quality
Southern_corn_leaf_blight,exhibits_symptom,Rectangular_lesions
Southern_corn_leaf_blight,exhibits_symptom,Rapid_disease_spread
Southern_corn_leaf_blight,exhibits_symptom,Ear_rot
Southern_corn_leaf_blight,exhibits_symptom,Premature_plant_death
Soybean_rust,exhibits_symptom,Yellow_pustules
Soybean_rust,exhibits_symptom,Premature_defoliation
Soybean_rust,exhibits_symptom,Pod_abortion
Soybean_rust,exhibits_symptom,Yield_loss
Strawberry_leaf_scorch,exhibits_symptom,Leaf_margin_browning
Strawberry_leaf_scorch,exhibits_symptom,Reduced_yield
Strawberry_leaf_scorch,exhibits_symptom,Scorched_leaf_edges
Strawberry_leaf_scorch,exhibits_symptom,Plant_weakening
Strawberry_leaf_scorch,exhibits_symptom,Leaf_edge_necrosis
Stunted_growth,exhibits_symptom,Low_yield_potential
Tomato__Target_Spot,exhibits_symptom,Dark_necrotic_lesions
Tomato__Target_Spot,exhibits_symptom,Concentric_spots
Tomato__Target_Spot,exhibits_symptom,Leaf_blight
Tomato__Target_Spot,exhibits_symptom,Leaf_collapse
Tomato__Target_Spot,exhibits_symptom,Flower_abortion
Tomato__Target_Spot,exhibits_symptom,Fruit_blemishes
Tomato__Tomato_mosaic_virus,exhibits_symptom,Mosaic_leaf_pattern
Tomato__Tomato_mosaic_virus,exhibits_symptom,Leaf_distortion
Tomato__Tomato_mosaic_virus,exhibits_symptom,Patchy_chlorosis
Tomato__Tomato_mosaic_virus,exhibits_symptom,Reduced_fruit_size
Tomato__Tomato_mosaic_virus,exhibits_symptom,Internal_fruit_browning
Tomato__Tomato_mosaic_virus,exhibits_symptom,Seed_viability_loss
Tomato__Tomato_YellowLeaf__Curl_Virus,exhibits_symptom,Leaf_curling
Tomato__Tomato_YellowLeaf__Curl_Virus,exhibits_symptom,Stunted_growth
Tomato__Tomato_YellowLeaf__Curl_Virus,exhibits_symptom,Thickened_leaves
Tomato__Tomato_YellowLeaf__Curl_Virus,exhibits_symptom,Reduced_flowering
Tomato__Tomato_YellowLeaf__Curl_Virus,exhibits_symptom,Flower_drop
Tomato__Tomato_YellowLeaf__Curl_Virus,exhibits_symptom,Root_growth_suppression
Tomato__Tomato_YellowLeaf__Curl_Virus,exhibits_symptom,Empty_flowers
Tomato_bacterial_spot,exhibits_symptom,Water_soaked_spots
Tomato_bacterial_spot,exhibits_symptom,Fruit_pitting
Tomato_bacterial_spot,exhibits_symptom,Leaf_tattering
Tomato_bacterial_spot,exhibits_symptom,Blistered_fruit
Tomato_Bacterial_spot,exhibits_symptom,Water_soaked_spots
Tomato_Bacterial_spot,exhibits_symptom,Fruit_pitting
Tomato_Bacterial_spot,exhibits_symptom,Leaf_tattering
Tomato_Bacterial_spot,exhibits_symptom,Blistered_fruit
Tomato_Bacterial_spot,exhibits_symptom,Seed_transmission_risk
Tomato_Bacterial_spot,exhibits_symptom,Post_harvest_rot
Tomato_early_blight,exhibits_symptom,Target_like_lesions
Tomato_early_blight,exhibits_symptom,Lower_leaf_browning
Tomato_early_blight,exhibits_symptom,Stem_girdling
Tomato_early_blight,exhibits_symptom,Defoliation_progression
Tomato_Early_blight,exhibits_symptom,Target_like_lesions
Tomato_Early_blight,exhibits_symptom,Lower_leaf_browning
Tomato_Early_blight,exhibits_symptom,Stem_girdling
Tomato_Early_blight,exhibits_symptom,Defoliation_progression
Tomato_Early_blight,exhibits_symptom,Canopy_thinning
Tomato_Early_blight,exhibits_symptom,Delayed_ripening
Tomato_healthy,exhibits_symptom,No_symptoms
Tomato_healthy,exhibits_symptom,Consistent_fruit_size
Tomato_healthy,exhibits_symptom,Deep_green_foliage
Tomato_late_blight,exhibits_symptom,Water_soaked_lesions
Tomato_Late_blight,exhibits_symptom,Water_soaked_lesions
Tomato_Late_blight,exhibits_symptom,White_fungal_growth
Tomato_Late_blight,exhibits_symptom,Rapid_defoliation
Tomato_Late_blight,exhibits_symptom,Rapid_field_epidemic
Tomato_Late_blight,exhibits_symptom,Green_fruit_rot
Tomato_leaf_mold,exhibits_symptom,Yellow_leaf_patches
Tomato_leaf_mold,exhibits_symptom,Olive_green_spores
Tomato_leaf_mold,exhibits_symptom,Leaf_curling
Tomato_leaf_mold,exhibits_symptom,Velvety_spore_growth
Tomato_Leaf_Mold,exhibits_symptom,Yellow_leaf_patches
Tomato_Leaf_Mold,exhibits_symptom,Olive_green_spores
Tomato_Leaf_Mold,exhibits_symptom,Velvety_spore_growth
Tomato_Leaf_Mold,exhibits_symptom,Leaf_curling
Tomato_Leaf_Mold,exhibits_symptom,Reduced_transpiration
Tomato_Leaf_Mold,exhibits_symptom,Lower_canopy_loss
Tomato_mosaic_virus,exhibits_symptom,Mosaic_leaf_pattern
Tomato_mosaic_virus,exhibits_symptom,Leaf_distortion
Tomato_mosaic_virus,exhibits_symptom,Patchy_chlorosis
Tomato_mosaic_virus,exhibits_symptom,Reduced_fruit_size
Tomato_septoria_leaf_spot,exhibits_symptom,Small_circular_spots
Tomato_septoria_leaf_spot,exhibits_symptom,Yellow_halos
Tomato_septoria_leaf_spot,exhibits_symptom,Leaf_drop
Tomato_septoria_leaf_spot,exhibits_symptom,Lower_leaf_senescence
Tomato_Septoria_leaf_spot,exhibits_symptom,Small_circular_spots
Tomato_Septoria_leaf_spot,exhibits_symptom,Yellow_halos
Tomato_Septoria_leaf_spot,exhibits_symptom,Leaf_drop
Tomato_Septoria_leaf_spot,exhibits_symptom,Lower_leaf_senescence
Tomato_Septoria_leaf_spot,exhibits_symptom,Progressive_upper_leaf_involvement
Tomato_Septoria_leaf_spot,exhibits_symptom,Seed_contamination
Tomato_spider_mites,exhibits_symptom,Speckled_leaves
Tomato_spider_mites,exhibits_symptom,Webbing_on_leaves
Tomato_spider_mites,exhibits_symptom,Leaf_bronzing
Tomato_Spider_mites_Two_spotted_spider_mite,exhibits_symptom,Speckled_leaves
Tomato_Spider_mites_Two_spotted_spider_mite,exhibits_symptom,Webbing_on_leaves
Tomato_Spider_mites_Two_spotted_spider_mite,exhibits_symptom,Leaf_bronzing
Tomato_Spider_mites_Two_spotted_spider_mite,exhibits_symptom,Reduced_photosynthesis
Tomato_Spider_mites_Two_spotted_spider_mite,exhibits_symptom,Plant_desiccation
Tomato_target_spot,exhibits_symptom,Dark_necrotic_lesions
Tomato_target_spot,exhibits_symptom,Concentric_spots
Tomato_target_spot,exhibits_symptom,Leaf_blight
Tomato_target_spot,exhibits_symptom,Leaf_collapse
Tomato_yellow_leaf_curl_virus,exhibits_symptom,Leaf_curling
Tomato_yellow_leaf_curl_virus,exhibits_symptom,Stunted_growth
Tomato_yellow_leaf_curl_virus,exhibits_symptom,Thickened_leaves
Tomato_yellow_leaf_curl_virus,exhibits_symptom,Reduced_flowering
Tomato_yellow_leaf_curl_virus,exhibits_symptom,Flower_drop
Tuber_surface_roughness,exhibits_symptom,Grading_issues
Uniform_emergence,exhibits_symptom,Even_stand
Vigorous_growth,exhibits_symptom,Strong_canopy
Apple,has_disease,Black_rot_apple
Apple,has_disease,Cedar_apple_rust
Apple,has_disease,Apple_healthy
Blueberry,has_disease,Blueberry_healthy
Cherry,has_disease,Cherry_Powdery_mildew
Cherry,has_disease,Cherry_healthy
Corn,has_disease,Cercospora_leaf_spot
Corn,has_disease,Common_rust_corn
Corn,has_disease,Northern_leaf_blight
Corn,has_disease,Corn_healthy
Grape,has_disease,Grape_Black_rot
Grape,has_disease,Esca_black_measles
Grape,has_disease,Grape_leaf_blight
Grape,has_disease,Grape_healthy
Orange,has_disease,Huanglongbing
Peach,has_disease,Peach_bacterial_spot
Peach,has_disease,Peach_healthy
Pepper_bell,has_disease,Pepper_bacterial_spot
Pepper_bell,has_disease,Pepper_healthy
Pepper_bell,has_disease,Pepper__bell___Bacterial_spot
Pepper_bell,has_disease,Pepper__bell___healthy
Potato,has_disease,Early_blight_potato
Potato,has_disease,Late_blight_potato
Potato,has_disease,Potato_healthy
Potato,has_disease,Potato___Early_blight
Potato,has_disease,Potato___healthy
Potato,has_disease,Potato___Late_blight
Raspberry,has_disease,Raspberry_healthy
Soybean,has_disease,Soybean_healthy
Squash,has_disease,Squash_powdery_mildew
Strawberry,has_disease,Strawberry_leaf_scorch
Strawberry,has_disease,Strawberry_healthy
Tomato,has_disease,Tomato_bacterial_spot
Tomato,has_disease,Tomato_early_blight
Tomato,has_disease,Tomato_late_blight
Tomato,has_disease,Tomato_leaf_mold
Tomato,has_disease,Tomato_septoria_leaf_spot
Tomato,has_disease,Tomato_spider_mites
Tomato,has_disease,Tomato_target_spot
Tomato,has_disease,Tomato_yellow_leaf_curl_virus
Tomato,has_disease,Tomato_mosaic_virus
Tomato,has_disease,Tomato_healthy
Tomato,has_disease,Tomato_Bacterial_spot
Tomato,has_disease,Tomato_Early_blight
Tomato,has_disease,Tomato_Late_blight
Tomato,has_disease,Tomato_Leaf_Mold
Tomato,has_disease,Tomato_Septoria_leaf_spot
Tomato,has_disease,Tomato_Spider_mites_Two_spotted_spider_mite
Tomato,has_disease,Tomato__Target_Spot
Tomato,has_disease,Tomato__Tomato_mosaic_virus
Tomato,has_disease,Tomato__Tomato_YellowLeaf__Curl_Virus
Apple_scab,occurs_in_season,Spring
Black_rot_apple,occurs_in_season,Summer
Cedar_apple_rust,occurs_in_season,Spring
Cercospora_leaf_spot,occurs_in_season,Summer
Cherry_Powdery_mildew,occurs_in_season,Spring
Common_rust_corn,occurs_in_season,Monsoon
Common_rust_corn,occurs_in_season,Summer
Early_blight_potato,occurs_in_season,Summer
Grape_Black_rot,occurs_in_season,Summer
Grape_leaf_blight,occurs_in_season,Monsoon
Late_blight_potato,occurs_in_season,Monsoon
Northern_leaf_blight,occurs_in_season,Monsoon
Peach_bacterial_spot,occurs_in_season,Monsoon
Pepper__bell___Bacterial_spot,occurs_in_season,Summer
Pepper__bell___Bacterial_spot,occurs_in_season,Monsoon
Pepper__bell___Bacterial_spot,occurs_in_season,Autumn
Pepper__bell___Bacterial_spot,occurs_in_season,Early_summer
Pepper__bell___healthy,occurs_in_season,All_seasons
Pepper__bell___healthy,occurs_in_season,Spring
Pepper__bell___healthy,occurs_in_season,Early_summer
Pepper_bacterial_spot,occurs_in_season,Summer
Potato___Early_blight,occurs_in_season,Summer
Potato___Early_blight,occurs_in_season,Autumn
Potato___healthy,occurs_in_season,All_seasons
Potato___healthy,occurs_in_season,Spring
Potato___Late_blight,occurs_in_season,Monsoon
Potato___Late_blight,occurs_in_season,Autumn
Strawberry_leaf_scorch,occurs_in_season,Spring
Tomato__Target_Spot,occurs_in_season,Summer
Tomato__Target_Spot,occurs_in_season,Autumn
Tomato__Tomato_mosaic_virus,occurs_in_season,All_seasons
Tomato__Tomato_mosaic_virus,occurs_in_season,Winter
Tomato__Tomato_YellowLeaf__Curl_Virus,occurs_in_season,Summer
Tomato__Tomato_YellowLeaf__Curl_Virus,occurs_in_season,Autumn
Tomato_Bacterial_spot,occurs_in_season,Summer
Tomato_Bacterial_spot,occurs_in_season,Autumn
Tomato_early_blight,occurs_in_season,Summer
Tomato_Early_blight,occurs_in_season,Summer
Tomato_Early_blight,occurs_in_season,Autumn
Tomato_healthy,occurs_in_season,All_seasons
Tomato_healthy,occurs_in_season,Winter
Tomato_Late_blight,occurs_in_season,Monsoon
Tomato_Late_blight,occurs_in_season,Autumn
Tomato_leaf_mold,occurs_in_season,Winter
Tomato_Leaf_Mold,occurs_in_season,Winter
Tomato_Leaf_Mold,occurs_in_season,Autumn
Tomato_mosaic_virus,occurs_in_season,All_seasons
Tomato_septoria_leaf_spot,occurs_in_season,Monsoon
Tomato_Septoria_leaf_spot,occurs_in_season,Monsoon
Tomato_Septoria_leaf_spot,occurs_in_season,Autumn
Tomato_spider_mites,occurs_in_season,Summer
Tomato_Spider_mites_Two_spotted_spider_mite,occurs_in_season,Summer
Tomato_Spider_mites_Two_spotted_spider_mite,occurs_in_season,Autumn
Tomato_yellow_leaf_curl_virus,occurs_in_season,Summer
Anthracnose_pepper,treated_by,Mancozeb_spray
Anthracnose_pepper,treated_by,Crop_rotation
Anthracnose_pepper,treated_by,Seed_treatment
Apple_scab,treated_by,Fungicide_application
Apple_scab,treated_by,Resistant_varieties
Apple_scab,treated_by,Canopy_pruning
Apple_scab,treated_by,Leaf_litter_removal
Apple_scab,treated_by,Fungicide_spray
Apple_scab,treated_by,Resistant_cultivars
Apple_scab,treated_by,Pruning_infected_branches
Bacterial_leaf_blight_rice,treated_by,Resistant_varieties
Bacterial_leaf_blight_rice,treated_by,Balanced_nitrogen
Bacterial_leaf_blight_rice,treated_by,Copper_oxychloride
Bacterial_pustule_soybean,treated_by,Resistant_cultivars
Bacterial_pustule_soybean,treated_by,Overhead_irrigation_avoidance
Bacterial_pustule_soybean,treated_by,Debris_management
Black_rot_apple,treated_by,Sanitation_practices
Black_rot_apple,treated_by,Fungicide_application
Black_rot_apple,treated_by,Infected_wood_removal
Black_rot_apple,treated_by,Copper_fungicide
Blackleg_potato,treated_by,Certified_seed_use
Blackleg_potato,treated_by,Field_drainage
Blackleg_potato,treated_by,Equipment_sanitation
Brown_rot_cherry,treated_by,Pre_harvest_fungicide
Brown_rot_cherry,treated_by,Mummy_removal
Brown_rot_cherry,treated_by,Proper_ventilation
Brown_rot_peach,treated_by,Captan_spray
Brown_rot_peach,treated_by,Fruit_thinning
Brown_rot_peach,treated_by,Sanitation
Brown_spot_rice,treated_by,Seed_treatment
Brown_spot_rice,treated_by,Mancozeb_application
Brown_spot_rice,treated_by,Nutrient_management
Cedar_apple_rust,treated_by,Alternate_host_removal
Cedar_apple_rust,treated_by,Fungicide_rotation
Cedar_apple_rust,treated_by,Cedar_removal
Cedar_apple_rust,treated_by,Resistant_varieties
Cercospora_leaf_spot,treated_by,Residue_management
Cercospora_leaf_spot,treated_by,Fungicide_rotation
Cercospora_leaf_spot,treated_by,Crop_rotation
Cherry_leaf_spot,treated_by,Chlorothalonil_spray
Cherry_leaf_spot,treated_by,Fallen_leaf_removal
Cherry_leaf_spot,treated_by,Drip_irrigation
Cherry_Powdery_mildew,treated_by,Sulfur_spray
Cherry_Powdery_mildew,treated_by,Improved_sunlight_exposure
Cherry_Powdery_mildew,treated_by,Canopy_opening
Cherry_Powdery_mildew,treated_by,Fungicidal_spray
Cherry_Powdery_mildew,treated_by,Resistant_rootstock
Common_rust_corn,treated_by,Resistant_hybrids
Common_rust_corn,treated_by,Adjusted_planting_date
Common_rust_corn,treated_by,Timely_sowing
Common_rust_corn,treated_by,Triazole_fungicide
Common_scab_potato,treated_by,Acidic_soil_maintenance
Common_scab_potato,treated_by,Sulfur_application
Common_scab_potato,treated_by,Resistant_varieties
Downy_mildew_grape,treated_by,Bordeaux_spray
Downy_mildew_grape,treated_by,Leaf_removal
Downy_mildew_grape,treated_by,Air_circulation
Early_blight_potato,treated_by,Balanced_fertilization
Early_blight_potato,treated_by,Soil_amendment
Early_blight_potato,treated_by,Proper_spacing
Early_blight_potato,treated_by,Chlorothalonil_fungicide
Early_blight_potato,treated_by,Hill_up_practice
Esca_black_measles,treated_by,Pruning_management
Esca_black_measles,treated_by,Trunk_protection
Esca_black_measles,treated_by,Vine_replacement
Esca_black_measles,treated_by,Pruning_wound_protection
Esca_black_measles,treated_by,Stress_reduction
Fire_blight_apple,treated_by,Streptomycin_spray
Fire_blight_apple,treated_by,Branch_pruning
Fire_blight_apple,treated_by,Bordeaux_mixture
Frogeye_leaf_spot_soybean,treated_by,Azoxystrobin_application
Frogeye_leaf_spot_soybean,treated_by,Seed_fungicide
Frogeye_leaf_spot_soybean,treated_by,Crop_rotation
Grape_Black_rot,treated_by,Preventive_fungicide
Grape_Black_rot,treated_by,Canopy_thinning
Grape_Black_rot,treated_by,Early_fungicide_spray
Grape_Black_rot,treated_by,Canopy_management
Grape_Black_rot,treated_by,Mummy_berry_removal
Grape_leaf_blight,treated_by,Canopy_management
Grape_leaf_blight,treated_by,Drip_irrigation
Grape_leaf_blight,treated_by,Irrigation_management
Grape_leaf_blight,treated_by,Copper_based_spray
Grape_leaf_blight,treated_by,Leaf_debris_cleanup
Gray_leaf_spot_corn,treated_by,No_till_reduction
Gray_leaf_spot_corn,treated_by,Azoxystrobin_spray
Gray_leaf_spot_corn,treated_by,Genetic_resistance
Huanglongbing,treated_by,Vector_control
Huanglongbing,treated_by,Tree_removal
Late_blight_potato,treated_by,Copper_fungicide
Late_blight_potato,treated_by,Crop_rotation
Late_blight_potato,treated_by,Disease_forecasting
Late_blight_potato,treated_by,Protective_fungicide
Late_blight_potato,treated_by,Metalaxyl_spray
Late_blight_potato,treated_by,Certified_seed
Northern_leaf_blight,treated_by,Crop_rotation
Northern_leaf_blight,treated_by,Hybrid_selection
Northern_leaf_blight,treated_by,Field_sanitation
Northern_leaf_blight,treated_by,Fungicide_application
Northern_leaf_blight,treated_by,Balanced_fertilization
Peach_bacterial_spot,treated_by,Copper_based_spray
Peach_bacterial_spot,treated_by,Windbreak_installation
Peach_bacterial_spot,treated_by,Calcium_spray
Peach_bacterial_spot,treated_by,Copper_bactericide
Peach_bacterial_spot,treated_by,Resistant_cultivars
Peach_leaf_curl,treated_by,Dormant_fungicide
Peach_leaf_curl,treated_by,Chlorothalonil_application
Peach_leaf_curl,treated_by,Resistant_varieties
Pepper__bell___Bacterial_spot,treated_by,Seed_treatment
Pepper__bell___Bacterial_spot,treated_by,Field_sanitation
Pepper__bell___Bacterial_spot,treated_by,Copper_spray
Pepper__bell___Bacterial_spot,treated_by,Drip_irrigation
Pepper__bell___Bacterial_spot,treated_by,Resistant_varieties
Pepper__bell___Bacterial_spot,treated_by,Hot_water_seed_treatment
Pepper__bell___Bacterial_spot,treated_by,Certified_transplants
Pepper__bell___Bacterial_spot,treated_by,Organic_mulch
Pepper__bell___Bacterial_spot,treated_by,Compost_mulch
Pepper__bell___Bacterial_spot,treated_by,Barrier_netting
Pepper__bell___Bacterial_spot,treated_by,Windbreak_installation
Pepper__bell___Bacterial_spot,treated_by,Neem_oil
Pepper__bell___Bacterial_spot,treated_by,Spacing_improvement
Pepper__bell___healthy,treated_by,None
Pepper__bell___healthy,treated_by,Crop_monitoring
Pepper__bell___healthy,treated_by,Regular_inspection
Pepper_bacterial_spot,treated_by,Seed_treatment
Pepper_bacterial_spot,treated_by,Field_sanitation
Pepper_bacterial_spot,treated_by,Drip_irrigation
Pepper_bacterial_spot,treated_by,Copper_spray
Pepper_bacterial_spot,treated_by,Resistant_varieties
Pepper_mosaic_virus,treated_by,Aphid_control
Pepper_mosaic_virus,treated_by,Infected_plant_removal
Pepper_mosaic_virus,treated_by,Reflective_mulch
Potato___Early_blight,treated_by,Balanced_fertilization
Potato___Early_blight,treated_by,Proper_spacing
Potato___Early_blight,treated_by,Chlorothalonil_fungicide
Potato___Early_blight,treated_by,Hill_up_practice
Potato___Early_blight,treated_by,Soil_amendment
Potato___Early_blight,treated_by,Mancozeb_spray
Potato___Early_blight,treated_by,Early_harvest
Potato___Early_blight,treated_by,Row_orientation_adjustment
Potato___healthy,treated_by,None
Potato___healthy,treated_by,Soil_health_management
Potato___healthy,treated_by,Weed_control
Potato___Late_blight,treated_by,Copper_fungicide
Potato___Late_blight,treated_by,Crop_rotation
Potato___Late_blight,treated_by,Protective_fungicide
Potato___Late_blight,treated_by,Metalaxyl_spray
Potato___Late_blight,treated_by,Certified_seed
Potato___Late_blight,treated_by,Bordeaux_mixture
Potato___Late_blight,treated_by,Leaf_removal
Potato___Late_blight,treated_by,Forecast_based_spraying
Potato_virus_Y,treated_by,Virus_free_seed
Potato_virus_Y,treated_by,Aphid_management
Potato_virus_Y,treated_by,Rogue_infected_plants
Powdery_mildew_apple,treated_by,Sulfur_spray
Powdery_mildew_apple,treated_by,Neem_oil
Powdery_mildew_apple,treated_by,Spacing_improvement
Powdery_mildew_grape,treated_by,Sulfur_dusting
Powdery_mildew_grape,treated_by,Canopy_thinning
Powdery_mildew_grape,treated_by,Potassium_bicarbonate
Rice_blast,treated_by,Tricyclazole_spray
Rice_blast,treated_by,Silicon_application
Rice_blast,treated_by,Water_management
Sheath_blight_rice,treated_by,Validamycin_spray
Sheath_blight_rice,treated_by,Plant_spacing
Sheath_blight_rice,treated_by,Potassium_fertilization
Southern_corn_leaf_blight,treated_by,Hybrid_resistance
Southern_corn_leaf_blight,treated_by,Crop_debris_removal
Southern_corn_leaf_blight,treated_by,Protective_spray
Soybean_rust,treated_by,Triazole_fungicide
Soybean_rust,treated_by,Early_planting
Soybean_rust,treated_by,Monitoring_program
Strawberry_leaf_scorch,treated_by,Improved_airflow
Strawberry_leaf_scorch,treated_by,Row_spacing_adjustment
Strawberry_leaf_scorch,treated_by,Moderate_irrigation
Tomato__Target_Spot,treated_by,Fungicide_rotation
Tomato__Target_Spot,treated_by,Crop_residue_removal
Tomato__Target_Spot,treated_by,Resistant_varieties
Tomato__Target_Spot,treated_by,Nitrogen_management
Tomato__Target_Spot,treated_by,Mulch_removal
Tomato__Tomato_mosaic_virus,treated_by,Tool_disinfection
Tomato__Tomato_mosaic_virus,treated_by,Seed_certification
Tomato__Tomato_mosaic_virus,treated_by,Plant_removal
Tomato__Tomato_mosaic_virus,treated_by,Glove_change_protocol
Tomato__Tomato_mosaic_virus,treated_by,Worker_training
Tomato__Tomato_YellowLeaf__Curl_Virus,treated_by,Vector_control
Tomato__Tomato_YellowLeaf__Curl_Virus,treated_by,Reflective_mulch
Tomato__Tomato_YellowLeaf__Curl_Virus,treated_by,Vector_monitoring
Tomato__Tomato_YellowLeaf__Curl_Virus,treated_by,Field_border_cropping
Tomato__Tomato_YellowLeaf__Curl_Virus,treated_by,Trap_cropping
Tomato_bacterial_spot,treated_by,Certified_transplants
Tomato_bacterial_spot,treated_by,Hot_water_seed_treatment
Tomato_Bacterial_spot,treated_by,Certified_transplants
Tomato_Bacterial_spot,treated_by,Hot_water_seed_treatment
Tomato_Bacterial_spot,treated_by,Copper_spray
Tomato_Bacterial_spot,treated_by,Field_sanitation
Tomato_Bacterial_spot,treated_by,UV_disinfection
Tomato_Bacterial_spot,treated_by,Quarantine_protocol
Tomato_early_blight,treated_by,Preventive_fungicide
Tomato_early_blight,treated_by,Stake_and_prune
Tomato_early_blight,treated_by,Organic_mulch
Tomato_Early_blight,treated_by,Preventive_fungicide
Tomato_Early_blight,treated_by,Stake_and_prune
Tomato_Early_blight,treated_by,Organic_mulch
Tomato_Early_blight,treated_by,Crop_rotation
Tomato_Early_blight,treated_by,Calcium_spray
Tomato_Early_blight,treated_by,Mulching
Tomato_healthy,treated_by,None
Tomato_healthy,treated_by,Nutrient_balancing
Tomato_late_blight,treated_by,Systemic_fungicide
Tomato_Late_blight,treated_by,Systemic_fungicide
Tomato_Late_blight,treated_by,Metalaxyl_spray
Tomato_Late_blight,treated_by,Disease_forecasting
Tomato_Late_blight,treated_by,Phosphonate_spray
Tomato_Late_blight,treated_by,Early_variety_selection
Tomato_leaf_mold,treated_by,Humidity_control
Tomato_leaf_mold,treated_by,Ventilation_improvement
Tomato_Leaf_Mold,treated_by,Humidity_control
Tomato_Leaf_Mold,treated_by,Ventilation_improvement
Tomato_Leaf_Mold,treated_by,Fungicide_spray
Tomato_Leaf_Mold,treated_by,Heating_system_use
Tomato_Leaf_Mold,treated_by,Dehumidifier_installation
Tomato_mosaic_virus,treated_by,Tool_disinfection
Tomato_mosaic_virus,treated_by,Seed_certification
Tomato_mosaic_virus,treated_by,Plant_removal
Tomato_septoria_leaf_spot,treated_by,Leaf_sanitation
Tomato_septoria_leaf_spot,treated_by,Lower_leaf_removal
Tomato_septoria_leaf_spot,treated_by,Early_leaf_removal
Tomato_Septoria_leaf_spot,treated_by,Leaf_sanitation
Tomato_Septoria_leaf_spot,treated_by,Early_leaf_removal
Tomato_Septoria_leaf_spot,treated_by,Fungicide_rotation
Tomato_Septoria_leaf_spot,treated_by,Weed_control
Tomato_Septoria_leaf_spot,treated_by,Even_plant_spacing
Tomato_spider_mites,treated_by,Acaricide_spray
Tomato_spider_mites,treated_by,Biological_control
Tomato_spider_mites,treated_by,Water_spray_wash
Tomato_spider_mites,treated_by,Predatory_mites
Tomato_Spider_mites_Two_spotted_spider_mite,treated_by,Acaricide_spray
Tomato_Spider_mites_Two_spotted_spider_mite,treated_by,Biological_control
Tomato_Spider_mites_Two_spotted_spider_mite,treated_by,Predatory_mites
Tomato_Spider_mites_Two_spotted_spider_mite,treated_by,Water_spray_wash
Tomato_Spider_mites_Two_spotted_spider_mite,treated_by,Habitat_manipulation
Tomato_Spider_mites_Two_spotted_spider_mite,treated_by,Insecticidal_soap
Tomato_target_spot,treated_by,Fungicide_rotation
Tomato_target_spot,treated_by,Crop_residue_removal
Tomato_target_spot,treated_by,Resistant_varieties
Tomato_yellow_leaf_curl_virus,treated_by,Reflective_mulch
Tomato_yellow_leaf_curl_virus,treated_by,Vector_monitoring
Apple_scab,triggered_by_condition,High_humidity
Apple_scab,triggered_by_condition,Cool_temperature
Apple_scab,triggered_by_condition,Extended_leaf_wetness
Apple_scab,triggered_by_condition,Dense_canopy
Balanced_nutrition,triggered_by_condition,Soil_testing
Black_rot_apple,triggered_by_condition,Warm_humid_weather
Black_rot_apple,triggered_by_condition,Infected_plant_debris
Black_rot_apple,triggered_by_condition,Drought_stress
Black_rot_apple,triggered_by_condition,Mechanical_wounds
Calcium_deficiency,triggered_by_condition,Acidic_soil
Cedar_apple_rust,triggered_by_condition,Presence_of_juniper_host
Cedar_apple_rust,triggered_by_condition,Wet_spring_weather
Cercospora_leaf_spot,triggered_by_condition,High_nitrogen_levels
Cercospora_leaf_spot,triggered_by_condition,Residue_buildup
Cherry_Powdery_mildew,triggered_by_condition,Dry_days_cool_nights
Cherry_Powdery_mildew,triggered_by_condition,High_relative_humidity
Cherry_Powdery_mildew,triggered_by_condition,Shaded_canopy
Cherry_Powdery_mildew,triggered_by_condition,Poor_sunlight
Common_rust_corn,triggered_by_condition,Moderate_temperature
Common_rust_corn,triggered_by_condition,High_moisture
Common_rust_corn,triggered_by_condition,Early_planting
Common_rust_corn,triggered_by_condition,Windborne_spores
Condensation_on_roof,triggered_by_condition,Poor_greenhouse_design
Contaminated_gloves,triggered_by_condition,Human_activity
Continuous_cropping,triggered_by_condition,Monoculture
Disease_free_seed,triggered_by_condition,Certification_program
Early_blight_potato,triggered_by_condition,Alternating_wet_dry_conditions
Early_blight_potato,triggered_by_condition,Plant_stress
Early_blight_potato,triggered_by_condition,Low_soil_fertility
Early_blight_potato,triggered_by_condition,High_plant_density
Esca_black_measles,triggered_by_condition,Old_vines
Esca_black_measles,triggered_by_condition,Wood_pruning_wounds
Esca_black_measles,triggered_by_condition,Water_stress
Esca_black_measles,triggered_by_condition,Soil_compaction
Free_water_on_leaves,triggered_by_condition,Dew_accumulation
,,
Grape_Black_rot,triggered_by_condition,Frequent_rainfall
Grape_Black_rot,triggered_by_condition,High_humidity
Grape_Black_rot,triggered_by_condition,Dense_foliage
Grape_Black_rot,triggered_by_condition,Poor_drainage
Grape_leaf_blight,triggered_by_condition,Overhead_irrigation
Grape_leaf_blight,triggered_by_condition,Low_airflow
Grape_leaf_blight,triggered_by_condition,Frequent_dew
High_dew_point,triggered_by_condition,Coastal_climate
High_nitrogen_fertilizer,triggered_by_condition,Excessive_application
Huanglongbing,triggered_by_condition,Vector_presence
Infected_seedlings,triggered_by_condition,Nursery_contamination
Infected_tuber_storage,triggered_by_condition,Poor_ventilation
Integrated_pest_management,triggered_by_condition,Ecological_approach
Irrigation_timing,triggered_by_condition,Evening_watering
Late_blight_potato,triggered_by_condition,Prolonged_rainfall
Late_blight_potato,triggered_by_condition,High_humidity
Late_blight_potato,triggered_by_condition,Cloudy_weather
Late_blight_potato,triggered_by_condition,Low_night_temperature
Low_day_temperature,triggered_by_condition,Cool_climate
Low_predator_population,triggered_by_condition,Biodiversity_loss
Morning_fog,triggered_by_condition,Valley_location
Northern_leaf_blight,triggered_by_condition,Warm_wet_weather
Northern_leaf_blight,triggered_by_condition,Continuous_cropping
Northern_leaf_blight,triggered_by_condition,Low_crop_rotation
Northern_leaf_blight,triggered_by_condition,Infected_seed
Nursery_infestation,triggered_by_condition,Poor_screening
Old_crop_residue,triggered_by_condition,No_tillage
Optimal_planting_depth,triggered_by_condition,Soil_type
Overhead_irrigation,triggered_by_condition,Irrigation_method
Peach_bacterial_spot,triggered_by_condition,Wind_driven_rain
Peach_bacterial_spot,triggered_by_condition,Warm_humid_weather
Peach_bacterial_spot,triggered_by_condition,High_wind_events
Peach_bacterial_spot,triggered_by_condition,Overhead_sprinkling
Pepper__bell___Bacterial_spot,triggered_by_condition,Leaf_wetness
Pepper__bell___Bacterial_spot,triggered_by_condition,High_temperature
Pepper__bell___Bacterial_spot,triggered_by_condition,Contaminated_tools
Pepper__bell___Bacterial_spot,triggered_by_condition,Storm_events
Pepper__bell___Bacterial_spot,triggered_by_condition,High_humidity
Pepper__bell___Bacterial_spot,triggered_by_condition,Warm_humid_weather
Pepper__bell___Bacterial_spot,triggered_by_condition,Overhead_sprinkling
Pepper__bell___Bacterial_spot,triggered_by_condition,Plant_density
Pepper__bell___Bacterial_spot,triggered_by_condition,Poor_drainage
Pepper__bell___Bacterial_spot,triggered_by_condition,Recycled_water
Pepper__bell___Bacterial_spot,triggered_by_condition,Soil_compaction
Pepper__bell___Bacterial_spot,triggered_by_condition,Overhead_irrigation
Pepper__bell___Bacterial_spot,triggered_by_condition,Infected_seedlings
Pepper__bell___Bacterial_spot,triggered_by_condition,Poor_sanitation
Pepper__bell___healthy,triggered_by_condition,Balanced_nutrition
Pepper__bell___healthy,triggered_by_condition,Good_airflow
Pepper_bacterial_spot,triggered_by_condition,Leaf_wetness
Pepper_bacterial_spot,triggered_by_condition,High_temperature
Pepper_bacterial_spot,triggered_by_condition,Contaminated_tools
Pepper_bacterial_spot,triggered_by_condition,Storm_events
Pesticide_overuse,triggered_by_condition,Chemical_dependency
Plastic_mulch_retention,triggered_by_condition,End_of_season_neglect
Poor_sanitation,triggered_by_condition,Lack_of_cleaning
Potato___Early_blight,triggered_by_condition,Alternating_wet_dry_conditions
Potato___Early_blight,triggered_by_condition,Plant_stress
Potato___Early_blight,triggered_by_condition,Low_soil_fertility
Potato___Early_blight,triggered_by_condition,High_plant_density
Potato___Early_blight,triggered_by_condition,Senescing_leaves
Potato___Early_blight,triggered_by_condition,Infected_tuber_storage
Potato___Early_blight,triggered_by_condition,Old_crop_residue
Potato___healthy,triggered_by_condition,Disease_free_seed
Potato___healthy,triggered_by_condition,Optimal_planting_depth
Potato___Late_blight,triggered_by_condition,Prolonged_rainfall
Potato___Late_blight,triggered_by_condition,High_humidity
Potato___Late_blight,triggered_by_condition,Cool_wet_weather
Potato___Late_blight,triggered_by_condition,Cloudy_weather
Potato___Late_blight,triggered_by_condition,Low_night_temperature
Potato___Late_blight,triggered_by_condition,Free_water_on_leaves
Potato___Late_blight,triggered_by_condition,Low_day_temperature
Proper_pruning,triggered_by_condition,Training_system
Recirculated_air,triggered_by_condition,Enclosed_space
Recycled_water,triggered_by_condition,Water_conservation_practice
Shared_equipment,triggered_by_condition,Farm_scale_operations
Soil_compaction,triggered_by_condition,Heavy_machinery_use
Squash_powdery_mildew,triggered_by_condition,Warm_humid_weather
Strawberry_leaf_scorch,triggered_by_condition,High_leaf_wetness
Strawberry_leaf_scorch,triggered_by_condition,Overcrowded_plants
Strawberry_leaf_scorch,triggered_by_condition,Frequent_irrigation
Strawberry_leaf_scorch,triggered_by_condition,Old_foliage
Tomato__Target_Spot,triggered_by_condition,Warm_humid_weather
Tomato__Target_Spot,triggered_by_condition,Continuous_tomato_cropping
Tomato__Target_Spot,triggered_by_condition,Residue_retention
Tomato__Target_Spot,triggered_by_condition,High_nitrogen_fertilizer
Tomato__Target_Spot,triggered_by_condition,Plastic_mulch_retention
Tomato__Tomato_mosaic_virus,triggered_by_condition,Mechanical_transmission
Tomato__Tomato_mosaic_virus,triggered_by_condition,Seed_transmission
Tomato__Tomato_mosaic_virus,triggered_by_condition,Plant_handling
Tomato__Tomato_mosaic_virus,triggered_by_condition,Contaminated_gloves
Tomato__Tomato_mosaic_virus,triggered_by_condition,Tool_sharing
Tomato__Tomato_YellowLeaf__Curl_Virus,triggered_by_condition,Whitefly_population
Tomato__Tomato_YellowLeaf__Curl_Virus,triggered_by_condition,High_temperature
Tomato__Tomato_YellowLeaf__Curl_Virus,triggered_by_condition,Vector_presence
Tomato__Tomato_YellowLeaf__Curl_Virus,triggered_by_condition,Weedy_field_margins
Tomato__Tomato_YellowLeaf__Curl_Virus,triggered_by_condition,Continuous_cropping
Tomato_bacterial_spot,triggered_by_condition,Transplant_shock
Tomato_bacterial_spot,triggered_by_condition,High_field_traffic
Tomato_Bacterial_spot,triggered_by_condition,Transplant_shock
Tomato_Bacterial_spot,triggered_by_condition,High_field_traffic
Tomato_Bacterial_spot,triggered_by_condition,Leaf_wetness
Tomato_Bacterial_spot,triggered_by_condition,Warm_humid_weather
Tomato_Bacterial_spot,triggered_by_condition,Nursery_infestation
Tomato_Bacterial_spot,triggered_by_condition,Shared_equipment
Tomato_early_blight,triggered_by_condition,Plant_stress
Tomato_early_blight,triggered_by_condition,High_humidity
Tomato_early_blight,triggered_by_condition,Senescing_leaves
Tomato_early_blight,triggered_by_condition,Soil_splash
Tomato_Early_blight,triggered_by_condition,Plant_stress
Tomato_Early_blight,triggered_by_condition,High_humidity
Tomato_Early_blight,triggered_by_condition,Soil_splash
Tomato_Early_blight,triggered_by_condition,Senescing_leaves
Tomato_Early_blight,triggered_by_condition,Calcium_deficiency
Tomato_Early_blight,triggered_by_condition,Water_stress
Tomato_healthy,triggered_by_condition,Integrated_pest_management
Tomato_healthy,triggered_by_condition,Proper_pruning
Tomato_late_blight,triggered_by_condition,Cool_wet_weather
Tomato_Late_blight,triggered_by_condition,Cool_wet_weather
Tomato_Late_blight,triggered_by_condition,Prolonged_leaf_wetness
Tomato_Late_blight,triggered_by_condition,High_humidity
Tomato_Late_blight,triggered_by_condition,Morning_fog
Tomato_Late_blight,triggered_by_condition,High_dew_point
Tomato_leaf_mold,triggered_by_condition,Poor_air_circulation
Tomato_leaf_mold,triggered_by_condition,Greenhouse_conditions
Tomato_leaf_mold,triggered_by_condition,High_night_humidity
Tomato_Leaf_Mold,triggered_by_condition,Poor_air_circulation
Tomato_Leaf_Mold,triggered_by_condition,Greenhouse_conditions
Tomato_Leaf_Mold,triggered_by_condition,High_night_humidity
Tomato_Leaf_Mold,triggered_by_condition,Condensation_on_roof
Tomato_Leaf_Mold,triggered_by_condition,Recirculated_air
Tomato_mosaic_virus,triggered_by_condition,Mechanical_transmission
Tomato_mosaic_virus,triggered_by_condition,Seed_transmission
Tomato_mosaic_virus,triggered_by_condition,Plant_handling
Tomato_septoria_leaf_spot,triggered_by_condition,Extended_leaf_wetness
Tomato_septoria_leaf_spot,triggered_by_condition,Moderate_temperature
Tomato_septoria_leaf_spot,triggered_by_condition,Lower_leaf_contact
Tomato_septoria_leaf_spot,triggered_by_condition,Rain_splash
Tomato_Septoria_leaf_spot,triggered_by_condition,Extended_leaf_wetness
Tomato_Septoria_leaf_spot,triggered_by_condition,Rain_splash
Tomato_Septoria_leaf_spot,triggered_by_condition,Lower_leaf_contact
Tomato_Septoria_leaf_spot,triggered_by_condition,Irrigation_timing
Tomato_Septoria_leaf_spot,triggered_by_condition,Weed_hosts
Tomato_spider_mites,triggered_by_condition,Hot_dry_weather
Tomato_spider_mites,triggered_by_condition,Low_relative_humidity
Tomato_spider_mites,triggered_by_condition,Dusty_conditions
Tomato_Spider_mites_Two_spotted_spider_mite,triggered_by_condition,Hot_dry_weather
Tomato_Spider_mites_Two_spotted_spider_mite,triggered_by_condition,Low_relative_humidity
Tomato_Spider_mites_Two_spotted_spider_mite,triggered_by_condition,Dusty_conditions
Tomato_Spider_mites_Two_spotted_spider_mite,triggered_by_condition,Pesticide_overuse
Tomato_Spider_mites_Two_spotted_spider_mite,triggered_by_condition,Low_predator_population
Tomato_target_spot,triggered_by_condition,Warm_humid_weather
Tomato_target_spot,triggered_by_condition,Continuous_tomato_cropping
Tomato_target_spot,triggered_by_condition,Residue_retention
Tomato_yellow_leaf_curl_virus,triggered_by_condition,Whitefly_population
Tomato_yellow_leaf_curl_virus,triggered_by_condition,High_temperature
Tool_sharing,triggered_by_condition,Small_farms
Water_stress,triggered_by_condition,Irregular_irrigation
Weed_hosts,triggered_by_condition,Field_edges
Weedy_field_margins,triggered_by_condition,Lack_of_buffer_zone
Acaricide_spray,valid_for_stage,Flowering_stage
Acaricide_spray,valid_for_stage,Vegetative_stage
Acidic_soil_maintenance,valid_for_stage,Planning_stage
Air_circulation,valid_for_stage,All_growth_stages
Aphid_control,valid_for_stage,Vegetative_stage
Aphid_management,valid_for_stage,Vegetative_stage
Azoxystrobin_application,valid_for_stage,Vegetative_stage
Azoxystrobin_spray,valid_for_stage,Vegetative_stage
Balanced_fertilization,valid_for_stage,Vegetative_stage
Balanced_fertilization,valid_for_stage,Fruiting_stage
Balanced_nitrogen,valid_for_stage,Vegetative_stage
Barrier_netting,valid_for_stage,Seedling_stage
Biological_control,valid_for_stage,Vegetative_stage
Biological_control,valid_for_stage,Fruiting_stage
Bordeaux_mixture,valid_for_stage,Vegetative_stage
Bordeaux_spray,valid_for_stage,Vegetative_stage
Branch_pruning,valid_for_stage,Dormant_stage
Calcium_spray,valid_for_stage,Fruiting_stage
Canopy_management,valid_for_stage,Vegetative_stage
Canopy_opening,valid_for_stage,Vegetative_stage
Canopy_pruning,valid_for_stage,Vegetative_stage
Canopy_pruning,valid_for_stage,Dormant_stage
Canopy_thinning,valid_for_stage,Flowering_stage
Canopy_thinning,valid_for_stage,Vegetative_stage
Captan_spray,valid_for_stage,Flowering_stage
Captan_spray,valid_for_stage,Fruiting_stage
Cedar_removal,valid_for_stage,All_growth_stages
Certified_seed,valid_for_stage,Seed_stage
Certified_seed_use,valid_for_stage,Seed_stage
Certified_transplants,valid_for_stage,Seedling_stage
Chlorothalonil_application,valid_for_stage,Dormant_stage
Chlorothalonil_fungicide,valid_for_stage,Vegetative_stage
Chlorothalonil_spray,valid_for_stage,Post_bloom_stage
Compost_mulch,valid_for_stage,Vegetative_stage
Copper_bactericide,valid_for_stage,Dormant_stage
Copper_based_spray,valid_for_stage,Early_vegetative_stage
Copper_based_spray,valid_for_stage,Vegetative_stage
Copper_fungicide,valid_for_stage,Vegetative_stage
Copper_fungicide,valid_for_stage,Fruiting_stage
Copper_fungicide,valid_for_stage,Dormant_stage
Copper_fungicide,valid_for_stage,Early_spring_stage
Copper_oxychloride,valid_for_stage,Vegetative_stage
Copper_spray,valid_for_stage,Vegetative_stage
Crop_debris_removal,valid_for_stage,Post_harvest_stage
Crop_monitoring,valid_for_stage,All_growth_stages
Crop_residue_removal,valid_for_stage,Post_harvest_stage
Crop_rotation,valid_for_stage,Planning_stage
Crop_rotation,valid_for_stage,Post_harvest_stage
Debris_management,valid_for_stage,Post_harvest_stage
Dehumidifier_installation,valid_for_stage,Greenhouse_stage
Dormant_fungicide,valid_for_stage,Dormant_stage
Drip_irrigation,valid_for_stage,All_growth_stages
Early_fungicide_spray,valid_for_stage,Flowering_stage
Early_harvest,valid_for_stage,Fruiting_stage
Early_leaf_removal,valid_for_stage,Vegetative_stage
Early_planting,valid_for_stage,Planning_stage
Early_variety_selection,valid_for_stage,Planning_stage
Equipment_sanitation,valid_for_stage,All_growth_stages
Even_plant_spacing,valid_for_stage,Vegetative_stage
Fallen_leaf_removal,valid_for_stage,Post_harvest_stage
Field_border_cropping,valid_for_stage,Planning_stage
Field_drainage,valid_for_stage,Planning_stage
Field_drainage,valid_for_stage,All_growth_stages
Field_sanitation,valid_for_stage,Post_harvest_stage
Forecast_based_spraying,valid_for_stage,Vegetative_stage
Fruit_thinning,valid_for_stage,Fruiting_stage
Fungicide_application,valid_for_stage,Seedling_stage
Fungicide_application,valid_for_stage,Vegetative_stage
Fungicide_application,valid_for_stage,Flowering_stage
Fungicide_rotation,valid_for_stage,Vegetative_stage
Fungicide_rotation,valid_for_stage,Flowering_stage
Fungicide_spray,valid_for_stage,Vegetative_stage
Fungicide_spray,valid_for_stage,Flowering_stage
Glove_change_protocol,valid_for_stage,All_growth_stages
Habitat_manipulation,valid_for_stage,Planning_stage
Heating_system_use,valid_for_stage,Greenhouse_stage
Hill_up_practice,valid_for_stage,Vegetative_stage
Hot_water_seed_treatment,valid_for_stage,Seed_stage
Humidity_control,valid_for_stage,Greenhouse_stage
Hybrid_resistance,valid_for_stage,Seed_stage
Infected_plant_removal,valid_for_stage,All_growth_stages
Infected_wood_removal,valid_for_stage,Dormant_stage
Insecticidal_soap,valid_for_stage,Vegetative_stage
Irrigation_management,valid_for_stage,All_growth_stages
Leaf_litter_removal,valid_for_stage,Post_harvest_stage
Leaf_removal,valid_for_stage,Vegetative_stage
Mancozeb_application,valid_for_stage,Vegetative_stage
Mancozeb_spray,valid_for_stage,Fruiting_stage
Mancozeb_spray,valid_for_stage,Vegetative_stage
Metalaxyl_spray,valid_for_stage,Vegetative_stage
Moderate_irrigation,valid_for_stage,All_growth_stages
Monitoring_program,valid_for_stage,All_growth_stages
Mulch_removal,valid_for_stage,Post_harvest_stage
Mulching,valid_for_stage,Vegetative_stage
Mummy_removal,valid_for_stage,Post_harvest_stage
Neem_oil,valid_for_stage,All_growth_stages
Neem_oil,valid_for_stage,Vegetative_stage
Nitrogen_management,valid_for_stage,Vegetative_stage
No_till_reduction,valid_for_stage,Planning_stage
Nutrient_balancing,valid_for_stage,All_growth_stages
Nutrient_management,valid_for_stage,All_growth_stages
Organic_mulch,valid_for_stage,Vegetative_stage
Overhead_irrigation_avoidance,valid_for_stage,All_growth_stages
Pepper__bell___Bacterial_spot,valid_for_stage,Seedling_stage
Pepper__bell___Bacterial_spot,valid_for_stage,Fruiting_stage
Pepper__bell___Bacterial_spot,valid_for_stage,Flowering_stage
Pepper__bell___healthy,valid_for_stage,All_growth_stages
Pepper__bell___healthy,valid_for_stage,Flowering_stage
Phosphonate_spray,valid_for_stage,Vegetative_stage
Plant_removal,valid_for_stage,All_growth_stages
Plant_spacing,valid_for_stage,Seedling_stage
Potassium_bicarbonate,valid_for_stage,Flowering_stage
Potassium_fertilization,valid_for_stage,Vegetative_stage
Potato___Early_blight,valid_for_stage,Fruiting_stage
Potato___healthy,valid_for_stage,All_growth_stages
Potato___Late_blight,valid_for_stage,Flowering_stage
Pre_harvest_fungicide,valid_for_stage,Fruiting_stage
Predatory_mites,valid_for_stage,Vegetative_stage
Preventive_fungicide,valid_for_stage,Seedling_stage
Preventive_fungicide,valid_for_stage,Vegetative_stage
Proper_spacing,valid_for_stage,Vegetative_stage
Protective_fungicide,valid_for_stage,Vegetative_stage
Protective_fungicide,valid_for_stage,Flowering_stage
Protective_spray,valid_for_stage,Vegetative_stage
Pruning_wound_protection,valid_for_stage,Dormant_stage
Quarantine_protocol,valid_for_stage,Seedling_stage
Reflective_mulch,valid_for_stage,Seedling_stage
Reflective_mulch,valid_for_stage,Vegetative_stage
Regular_inspection,valid_for_stage,All_growth_stages
Residue_management,valid_for_stage,Post_harvest_stage
Resistant_hybrids,valid_for_stage,Seed_stage
Resistant_varieties,valid_for_stage,Seedling_stage
Resistant_varieties,valid_for_stage,Seed_stage
Rogue_infected_plants,valid_for_stage,Vegetative_stage
Row_orientation_adjustment,valid_for_stage,Planning_stage
Sanitation,valid_for_stage,All_growth_stages
Sanitation_practices,valid_for_stage,All_growth_stages
Seed_fungicide,valid_for_stage,Seed_stage
Seed_treatment,valid_for_stage,Seed_stage
Silicon_application,valid_for_stage,Vegetative_stage
Soil_amendment,valid_for_stage,Planning_stage
Soil_health_management,valid_for_stage,Planning_stage
Spacing_improvement,valid_for_stage,Vegetative_stage
Stake_and_prune,valid_for_stage,Vegetative_stage
Streptomycin_spray,valid_for_stage,Flowering_stage
Stress_reduction,valid_for_stage,All_growth_stages
Sulfur_application,valid_for_stage,Planning_stage
Sulfur_dusting,valid_for_stage,Vegetative_stage
Sulfur_spray,valid_for_stage,Vegetative_stage
Sulfur_spray,valid_for_stage,Flowering_stage
Systemic_fungicide,valid_for_stage,Vegetative_stage
Systemic_fungicide,valid_for_stage,Fruiting_stage
Timely_sowing,valid_for_stage,Seedling_stage
Tomato__Target_Spot,valid_for_stage,Fruiting_stage
Tomato__Tomato_mosaic_virus,valid_for_stage,All_growth_stages
Tomato__Tomato_YellowLeaf__Curl_Virus,valid_for_stage,Seedling_stage
Tomato_Bacterial_spot,valid_for_stage,Seed_stage
Tomato_Early_blight,valid_for_stage,Fruiting_stage
Tomato_healthy,valid_for_stage,Greenhouse_stage
Tomato_Late_blight,valid_for_stage,Flowering_stage
Tomato_Leaf_Mold,valid_for_stage,Greenhouse_stage
Tomato_Septoria_leaf_spot,valid_for_stage,Seedling_stage
Tomato_Spider_mites_Two_spotted_spider_mite,valid_for_stage,Flowering_stage
Trap_cropping,valid_for_stage,Vegetative_stage
Triazole_fungicide,valid_for_stage,Vegetative_stage
Triazole_fungicide,valid_for_stage,Reproductive_stage
Tricyclazole_spray,valid_for_stage,Vegetative_stage
Tricyclazole_spray,valid_for_stage,Reproductive_stage
UV_disinfection,valid_for_stage,Seedling_stage
Validamycin_spray,valid_for_stage,Reproductive_stage
Vector_monitoring,valid_for_stage,Vegetative_stage
Ventilation_improvement,valid_for_stage,Greenhouse_stage
Vine_replacement,valid_for_stage,Post_harvest_stage
Virus_free_seed,valid_for_stage,Seed_stage
Water_management,valid_for_stage,All_growth_stages
Water_spray_wash,valid_for_stage,Vegetative_stage
Weed_control,valid_for_stage,Vegetative_stage
Windbreak_installation,valid_for_stage,Planning_stage
Worker_training,valid_for_stage,Planning_stage
